GEOID10,NAME10,NAMELSAD10,ALAND10,AWATER10,POP100_RE,kmlgeometry
25025010702,107.02,Census Tract 107.02,299981.0,0.0,2400,"<Polygon><outerBoundaryIs><LinearRing><coordinates>-71.070655000039466,42.351853999698392 -71.0704549996141,42.351417000417243 -71.072821999683654,42.350754999925378 -71.072659000302465,42.350410000403585 -71.074791999762255,42.349859999628428 -71.075873999589945,42.349611000155669 -71.076413000209527,42.349477999944931 -71.07656900053415,42.349432999947012 -71.076682999659624,42.34939499973936 -71.076824000190143,42.349336999784576 -71.076933000562917,42.34928000008825 -71.077061000235801,42.349461000095715 -71.077367999666009,42.350075000390873 -71.07950800048539,42.34950799994153 -71.079619999495677,42.349779000084673 -71.079681999646368,42.349914000323324 -71.07985999970262,42.35030399973688 -71.080077999813881,42.350709999936818 -71.080278999999038,42.351085000030736 -71.080472999563028,42.351493999785667 -71.080651000494115,42.35184700035925 -71.080861999812129,42.352266999895228 -71.079055000184212,42.352742000038951 -71.078722000019127,42.352841000049636 -71.077590999824608,42.353163999664687 -71.076582999961246,42.353424999670452 -71.074401000277049,42.354021999604598 -71.074276999805406,42.354065000349266 -71.072893999833369,42.354437999623769 -71.072121999617835,42.354641000169437 -71.071873000495344,42.354223999588598 -71.071636999628382,42.353830999975273 -71.071446000273497,42.353438000093448 -71.071275000258794,42.353080999627039 -71.071078999568812,42.352672999563509 -71.070894999654314,42.352313999935909 -71.07070399950203,42.351940000200045 -71.070655000039466,42.351853999698392</coordinates></LinearRing></outerBoundaryIs></Polygon>"
